Nom,Pr√©nom,Email,Phone
Brown,Kristina,allenwilliam@example.net,836-408-6866
Davis,Joshua,tamara29@example.org,(327)286-3286
Singh,Lisa,virginia60@example.org,899.704.3327
Craig,Christopher,jason44@example.com,001-210-314-8581x50355
Ritter,Sarah,christinebailey@example.com,001-547-784-6844x042
Rodriguez,Benjamin,tinaescobar@example.com,+1-726-857-6412x495
Mcpherson,Joseph,crystal80@example.net,(828)669-6478x5134
Taylor,Lauren,sabrinacasey@example.org,(560)263-6682
Walker,Thomas,antonio79@example.net,5273079752
Orr,Caroline,bray@example.net,+1-278-456-0631
Guzman,Mary,steelecynthia@example.org,931-439-5135x3258
Wade,Angela,jacquelineturner@example.net,+1-977-776-2527
Thompson,Mitchell,anthonyrobinson@example.org,882-290-6167x18332
Lang,Christopher,brandi74@example.net,001-328-325-7029x91973
Todd,Neil,daniel62@example.com,+1-832-938-9319x703
Ortiz,Cristian,bserrano@example.com,864-260-7042
Allen,Jesse,devin00@example.org,711.944.7815x5807
Baker,Deanna,ttapia@example.net,+1-373-321-3000x922
Cook,Nicole,kaylahouse@example.com,9876377778
Contreras,Gina,allisonaustin@example.org,(269)293-0700x5656
